"id","name","tag","parent","types"
"AFA","AFA","AFA","ALL","parents"
"BAT","Batxillerat","Batxillerat","ALL","parents;students"
"BAT-1R-","1r BAT","Batxillerat:1r BAT","BAT","parents;students"
"BATX 1r A","1r BAT A","Batxillerat:1r BAT:1r BAT A","BAT-1R-","parents;students"
"BAT-1R--1R--1R-","1r BAT A-1","Batxillerat:1r BAT:1r BAT A:1r BAT A-1","BATX 1r A","parents;students"
"BAT-1R--1R--1R-0","1r BAT A-2","Batxillerat:1r BAT:1r BAT A:1r BAT A-2","BATX 1r A","parents;students"
"BATX 1r B","1r BAT B","Batxillerat:1r BAT:1r BAT B","BAT-1R-","parents;students"
"BAT-1R--1R--1R-1","1r BAT B-1","Batxillerat:1r BAT:1r BAT B:1r BAT B-1","BATX 1r B","parents;students"
"BAT-1R--1R--1R-2","1r BAT B-2","Batxillerat:1r BAT:1r BAT B:1r BAT B-2","BATX 1r B","parents;students"
"BAT-1R--OPT","Optatives 1BAT","Batxillerat:1r BAT:Optatives 1BAT","BAT-1R-","parents;students"
"BAT1 Economia 1","OPTBAT1.1 Economia 1","Batxillerat:1r BAT:Optatives 1BAT:OPTBAT1.1 Economia 1","BAT-1R--OPT","parents;students"
"BAT1 Grec 1","OPTBAT1.1 Grec 1","Batxillerat:1r BAT:Optatives 1BAT:OPTBAT1.1 Grec 1","BAT-1R--OPT","parents;students"
"BAT1 Matemàtiques 1","OPTBAT1.1 Matemàtiques 1","Batxillerat:1r BAT:Optatives 1BAT:OPTBAT1.1 Matemàtiques 1","BAT-1R--OPT","parents;students"
"BAT1 Física 1","OPTBAT1.2 Física 1","Batxillerat:1r BAT:Optatives 1BAT:OPTBAT1.2 Física 1","BAT-1R--OPT","parents;students"
"OPTBAT1.2 Geologia i ciències ambientals","OPTBAT1.2 Geologia i ciències ambientals","Batxillerat:1r BAT:Optatives 1BAT:OPTBAT1.2 Geologia i ciències ambientals","BAT-1R--OPT","parents;students"
"BAT1 Llatí 1","OPTBAT1.2 Llatí 1","Batxillerat:1r BAT:Optatives 1BAT:OPTBAT1.2 Llatí 1","BAT-1R--OPT","parents;students"
"BAT1 Mates CS 1","OPTBAT1.2 Matemàtiques Ciències Socials","Batxillerat:1r BAT:Optatives 1BAT:OPTBAT1.2 Matemàtiques Ciències Socials","BAT-1R--OPT","parents;students"
"BAT1 H. Món Contmp","OPTBAT1.3 Història del mon contemporani","Batxillerat:1r BAT:Optatives 1BAT:OPTBAT1.3 Història del mon contemporani","BAT-1R--OPT","parents;students"
"BAT1 Lit. Universal","OPTBAT1.3 Literatura Universal","Batxillerat:1r BAT:Optatives 1BAT:OPTBAT1.3 Literatura Universal","BAT-1R--OPT","parents;students"
"BAT1 Química 1","OPTBAT1.3 Química 1","Batxillerat:1r BAT:Optatives 1BAT:OPTBAT1.3 Química 1","BAT-1R--OPT","parents;students"
"BAT1 Tecn-enginy 1","OPTBAT1.3 Tecnologia i Enginyeria 1","Batxillerat:1r BAT:Optatives 1BAT:OPTBAT1.3 Tecnologia i Enginyeria 1","BAT-1R--OPT","parents;students"
"BAT1 Biomedicina","OPTBAT1.4 Biomedicina","Batxillerat:1r BAT:Optatives 1BAT:OPTBAT1.4 Biomedicina","BAT-1R--OPT","parents;students"
"BAT1 Dibuix tècnic","OPTBAT1.4 Dibuix Tècnic","Batxillerat:1r BAT:Optatives 1BAT:OPTBAT1.4 Dibuix Tècnic","BAT-1R--OPT","parents;students"
"BAT1 Francès","OPTBAT1.4 Francès","Batxillerat:1r BAT:Optatives 1BAT:OPTBAT1.4 Francès","BAT-1R--OPT","parents;students"
"BAT1 Func. empresa","OPTBAT1.4 Funcionament de l'empresa","Batxillerat:1r BAT:Optatives 1BAT:OPTBAT1.4 Funcionament de l'empresa","BAT-1R--OPT","parents;students"
"BAT1 Programació","OPTBAT1.4 Programació","Batxillerat:1r BAT:Optatives 1BAT:OPTBAT1.4 Programació","BAT-1R--OPT","parents;students"
"BAT1 Psicologia","OPTBAT1.4 Psicologia i Sociologia","Batxillerat:1r BAT:Optatives 1BAT:OPTBAT1.4 Psicologia i Sociologia","BAT-1R--OPT","parents;students"
"BAT1 Creació lit","OPTBAT1.5 Creació literària","Batxillerat:1r BAT:Optatives 1BAT:OPTBAT1.5 Creació literària","BAT-1R--OPT","parents;students"
"BAT1 Mat APLIC","OPTBAT1.5 Matemàtica aplicada","Batxillerat:1r BAT:Optatives 1BAT:OPTBAT1.5 Matemàtica aplicada","BAT-1R--OPT","parents;students"
"BAT1 Món clàssic","OPTBAT1.5 Món clàssic","Batxillerat:1r BAT:Optatives 1BAT:OPTBAT1.5 Món clàssic","BAT-1R--OPT","parents;students"
"BAT1 Problem. socials","OPTBAT1.5 Problemàtiques socials","Batxillerat:1r BAT:Optatives 1BAT:OPTBAT1.5 Problemàtiques socials","BAT-1R--OPT","parents;students"
"BAT1 Reptes BIO-GEO","OPTBAT1.5 Reptes científics actuals (Biologia i Geologia)","Batxillerat:1r BAT:Optatives 1BAT:OPTBAT1.5 Reptes científics actuals (Biologia i Geologia)","BAT-1R--OPT","parents;students"
"OPTBAT1.6 Biologia 1","OPTBAT1.6 Biologia 1","Batxillerat:1r BAT:Optatives 1BAT:OPTBAT1.6 Biologia 1","BAT-1R--OPT","parents;students"
"BAT1 Ciutadania pol. dret","OPTBAT1.6 Ciutadania, Política i Dret","Batxillerat:1r BAT:Optatives 1BAT:OPTBAT1.6 Ciutadania, Política i Dret","BAT-1R--OPT","parents;students"
"BAT1 Com. audiovisual","OPTBAT1.6 Comunicació Audiovisual","Batxillerat:1r BAT:Optatives 1BAT:OPTBAT1.6 Comunicació Audiovisual","BAT-1R--OPT","parents;students"
"OPTBAT1.6 Formació i orientació professional i personal","OPTBAT1.6 Formació i orientació professional i personal","Batxillerat:1r BAT:Optatives 1BAT:OPTBAT1.6 Formació i orientació professional i personal","BAT-1R--OPT","parents;students"
"BAT1 Reptes FIS-QUI","OPTBAT1.6 Reptes científics actuals (Física i Química)","Batxillerat:1r BAT:Optatives 1BAT:OPTBAT1.6 Reptes científics actuals (Física i Química)","BAT-1R--OPT","parents;students"
"BAT1 Robòtica","OPTBAT1.6 Robòtica","Batxillerat:1r BAT:Optatives 1BAT:OPTBAT1.6 Robòtica","BAT-1R--OPT","parents;students"
"BAT-2N-","2n BAT","Batxillerat:2n BAT","BAT","parents;students"
"BATX 2n A","2n BAT A","Batxillerat:2n BAT:2n BAT A","BAT-2N-","parents;students"
"BAT-2N--2N--2N-","2n BAT A-1","Batxillerat:2n BAT:2n BAT A:2n BAT A-1","BATX 2n A","parents;students"
"BAT-2N--2N--2N-0","2n BAT A-2","Batxillerat:2n BAT:2n BAT A:2n BAT A-2","BATX 2n A","parents;students"
"BATX 2n B","2n BAT B","Batxillerat:2n BAT:2n BAT B","BAT-2N-","parents;students"
"BAT-2N--2N--2N-1","2n BAT B-1","Batxillerat:2n BAT:2n BAT B:2n BAT B-1","BATX 2n B","parents;students"
"BAT-2N--2N--2N-2","2n BAT B-2","Batxillerat:2n BAT:2n BAT B:2n BAT B-2","BATX 2n B","parents;students"
"BAT-2N--OPT","Optatives 2BAT","Batxillerat:2n BAT:Optatives 2BAT","BAT-2N-","parents;students"
"BAT2 Geogr","OPTBAT2.1 Geografia","Batxillerat:2n BAT:Optatives 2BAT:OPTBAT2.1 Geografia","BAT-2N--OPT","parents;students"
"BAT2 Lit. Cast","OPTBAT2.1 Literatura Castellana","Batxillerat:2n BAT:Optatives 2BAT:OPTBAT2.1 Literatura Castellana","BAT-2N--OPT","parents;students"
"BAT2 Mat 2","OPTBAT2.1 Matemàtiques 2","Batxillerat:2n BAT:Optatives 2BAT:OPTBAT2.1 Matemàtiques 2","BAT-2N--OPT","parents;students"
"BAT2 Física 2","OPTBAT2.2 Física 2","Batxillerat:2n BAT:Optatives 2BAT:OPTBAT2.2 Física 2","BAT-2N--OPT","parents;students"
"BAT2 Geologia i ciencies 2","OPTBAT2.2 Geologia i ciencies  2","Batxillerat:2n BAT:Optatives 2BAT:OPTBAT2.2 Geologia i ciencies  2","BAT-2N--OPT","parents;students"
"BAT2 Llatí 2","OPTBAT2.2 Llatí 2","Batxillerat:2n BAT:Optatives 2BAT:OPTBAT2.2 Llatí 2","BAT-2N--OPT","parents;students"
"BAT2 Mat ap. C. S. 2","OPTBAT2.2 Matemàtiques Ciències Socials 2","Batxillerat:2n BAT:Optatives 2BAT:OPTBAT2.2 Matemàtiques Ciències Socials 2","BAT-2N--OPT","parents;students"
"BAT2 Dib Tèc 2","OPTBAT2.3 Dibuix Tècnic 2","Batxillerat:2n BAT:Optatives 2BAT:OPTBAT2.3 Dibuix Tècnic 2","BAT-2N--OPT","parents;students"
"BAT2 H. Art","OPTBAT2.3 Història de l'Art","Batxillerat:2n BAT:Optatives 2BAT:OPTBAT2.3 Història de l'Art","BAT-2N--OPT","parents;students"
"BAT2 Lit. Cat","OPTBAT2.3 Literatura Catalana","Batxillerat:2n BAT:Optatives 2BAT:OPTBAT2.3 Literatura Catalana","BAT-2N--OPT","parents;students"
"BAT2 Quím 2","OPTBAT2.3 Química 2","Batxillerat:2n BAT:Optatives 2BAT:OPTBAT2.3 Química 2","BAT-2N--OPT","parents;students"
"BAT2 Bio 2","OPTBAT2.4 Biologia 2","Batxillerat:2n BAT:Optatives 2BAT:OPTBAT2.4 Biologia 2","BAT-2N--OPT","parents;students"
"BAT2 Func. d'empr. 2","OPTBAT2.4 Economia d'empresa 2","Batxillerat:2n BAT:Optatives 2BAT:OPTBAT2.4 Economia d'empresa 2","BAT-2N--OPT","parents;students"
"BAT2 Grec 2","OPTBAT2.4 Grec 2","Batxillerat:2n BAT:Optatives 2BAT:OPTBAT2.4 Grec 2","BAT-2N--OPT","parents;students"
"BAT2 T. Indust. 2","OPTBAT2.4 Tecnologia Industrial 2","Batxillerat:2n BAT:Optatives 2BAT:OPTBAT2.4 Tecnologia Industrial 2","BAT-2N--OPT","parents;students"
"OPTBAT2.5 TREC1","OPTBAT2.5 TREC1","Batxillerat:2n BAT:Optatives 2BAT:OPTBAT2.5 TREC1","BAT-2N--OPT","parents;students"
"OPTBAT2.5 TREC2","OPTBAT2.5 TREC2","Batxillerat:2n BAT:Optatives 2BAT:OPTBAT2.5 TREC2","BAT-2N--OPT","parents;students"
"OPTBAT2.5 TREC3","OPTBAT2.5 TREC3","Batxillerat:2n BAT:Optatives 2BAT:OPTBAT2.5 TREC3","BAT-2N--OPT","parents;students"
"OPTBAT2.5 TREC4","OPTBAT2.5 TREC4","Batxillerat:2n BAT:Optatives 2BAT:OPTBAT2.5 TREC4","BAT-2N--OPT","parents;students"
"OPTBAT2.5 TREC5","OPTBAT2.5 TREC5","Batxillerat:2n BAT:Optatives 2BAT:OPTBAT2.5 TREC5","BAT-2N--OPT","parents;students"
"OPTBAT2.5 TREC6","OPTBAT2.5 TREC6","Batxillerat:2n BAT:Optatives 2BAT:OPTBAT2.5 TREC6","BAT-2N--OPT","parents;students"
"Beques_MEC","Beques MEC","Beques MEC","ALL","parents;students"
"CIC","Cicles formatius","Cicles formatius","ALL","parents;students"
"CIC-AC","AC","Cicles formatius:AC","CIC","parents;students"
"AC 1r","1r AC","Cicles formatius:AC:1r AC","CIC-AC","parents;students"
"CIC-AC-1R--1R-","1r AC A","Cicles formatius:AC:1r AC:1r AC A","AC 1r","parents;students"
"CIC-AC-1R--1R-0","1r AC B","Cicles formatius:AC:1r AC:1r AC B","AC 1r","parents;students"
"AC 2n","2n AC","Cicles formatius:AC:2n AC","CIC-AC","parents;students"
"CIC-PCC","PCC","Cicles formatius:PCC","CIC","parents;students"
"PCC 1r","1r PCC","Cicles formatius:PCC:1r PCC","CIC-PCC","parents;students"
"CIC-PCC-1ER-0156","0156 Anglès professional","Cicles formatius:PCC:1r PCC:0156 Anglès professional","PCC 1r","parents;students"
"CIC-PCC-1ER-0636","0636 Estètica de mans i peus","Cicles formatius:PCC:1r PCC:0636 Estètica de mans i peus","PCC 1r","parents;students"
"CIC-PCC-1ER-063-0636A","0636 Estètica de mans i peus A","Cicles formatius:PCC:1r PCC:0636 Estètica de mans i peus:0636 Estètica de mans i peus A","CIC-PCC-1ER-0636","parents;students"
"CIC-PCC-1ER-063-0636B","0636 Estètica de mans i peus B","Cicles formatius:PCC:1r PCC:0636 Estètica de mans i peus:0636 Estètica de mans i peus B","CIC-PCC-1ER-0636","parents;students"
"CIC-PCC-1ER-0640","0640 Imatge corporal i hàbits saludables","Cicles formatius:PCC:1r PCC:0640 Imatge corporal i hàbits saludables","PCC 1r","parents;students"
"CIC-PCC-1ER-0842","0842 Pentinats i recollits","Cicles formatius:PCC:1r PCC:0842 Pentinats i recollits","PCC 1r","parents;students"
"CIC-PCC-1ER-084-0842A","0842 Pentinats i recollits  A","Cicles formatius:PCC:1r PCC:0842 Pentinats i recollits:0842 Pentinats i recollits  A","CIC-PCC-1ER-0842","parents;students"
"CIC-PCC-1ER-084-0842B","0842 Pentinats i recollits B","Cicles formatius:PCC:1r PCC:0842 Pentinats i recollits:0842 Pentinats i recollits B","CIC-PCC-1ER-0842","parents;students"
"CIC-PCC-1ER-0843","0843 Coloració capil·lar","Cicles formatius:PCC:1r PCC:0843 Coloració capil·lar","PCC 1r","parents;students"
"CIC-PCC-1ER-084-0843A","0843 Coloració capi·lar A","Cicles formatius:PCC:1r PCC:0843 Coloració capil·lar:0843 Coloració capi·lar A","CIC-PCC-1ER-0843","parents;students"
"CIC-PCC-1ER-084-0843B","0843 Coloració capil·lar B","Cicles formatius:PCC:1r PCC:0843 Coloració capil·lar:0843 Coloració capil·lar B","CIC-PCC-1ER-0843","parents;students"
"CIC-PCC-1ER-0844","0844 Cosmètica per  a perruqueria","Cicles formatius:PCC:1r PCC:0844 Cosmètica per  a perruqueria","PCC 1r","parents;students"
"CIC-PCC-1ER-0846","0846 Canvis de forma permanent del cabell","Cicles formatius:PCC:1r PCC:0846 Canvis de forma permanent del cabell","PCC 1r","parents;students"
"CIC-PCC-1ER-084-0846A","0846 Canvis de forma permanent del cabell A","Cicles formatius:PCC:1r PCC:0846 Canvis de forma permanent del cabell:0846 Canvis de forma permanent del cabell A","CIC-PCC-1ER-0846","parents;students"
"CIC-PCC-1ER-084-0846B","0846 Canvis de forma permanent del cabell B","Cicles formatius:PCC:1r PCC:0846 Canvis de forma permanent del cabell:0846 Canvis de forma permanent del cabell B","CIC-PCC-1ER-0846","parents;students"
"CIC-PCC-1ER-1664","1664 Digitalització aplicada al sector productiu","Cicles formatius:PCC:1r PCC:1664 Digitalització aplicada al sector productiu","PCC 1r","parents;students"
"CIC-PCC-1ER-1708","1708 Sostenibilitat aplicada al sistema productiu","Cicles formatius:PCC:1r PCC:1708 Sostenibilitat aplicada al sistema productiu","PCC 1r","parents;students"
"CIC-PCC-1ER-1709","1709 Itinerari per l'ocupabilitat I","Cicles formatius:PCC:1r PCC:1709 Itinerari per l'ocupabilitat I","PCC 1r","parents;students"
"PCC 2n","2n PCC","Cicles formatius:PCC:2n PCC","CIC-PCC","parents;students"
"CIC-PCC-2N-0643 ","0643 Màrqueting i venda en imatge personal","Cicles formatius:PCC:2n PCC:0643 Màrqueting i venda en imatge personal","PCC 2n","parents;students"
"CIC-PCC-2N-0845","0845 Técniques de tallada del cabell","Cicles formatius:PCC:2n PCC:0845 Técniques de tallada del cabell","PCC 2n","parents;students"
"CIC-PCC-2N--0845-0845A","0845 Tècniques de tallada del cabell A","Cicles formatius:PCC:2n PCC:0845 Técniques de tallada del cabell:0845 Tècniques de tallada del cabell A","CIC-PCC-2N-0845","parents;students"
"CIC-PCC-2N--0845-0845B","0845 Tècniques de tallada del cabell B","Cicles formatius:PCC:2n PCC:0845 Técniques de tallada del cabell:0845 Tècniques de tallada del cabell B","CIC-PCC-2N-0845","parents;students"
"CIC-PCC-2N-0848","0848 Perruqueria i estilisme masculí","Cicles formatius:PCC:2n PCC:0848 Perruqueria i estilisme masculí","PCC 2n","parents;students"
"CIC-PCC-2N-0848A","0848 Perruqueria i estilisme masculí A","Cicles formatius:PCC:2n PCC:0848 Perruqueria i estilisme masculí:0848 Perruqueria i estilisme masculí A","CIC-PCC-2N-0848","parents;students"
"CIC-PCC-2N-0848B","0848 Perruqueria i estilisme masculí B","Cicles formatius:PCC:2n PCC:0848 Perruqueria i estilisme masculí:0848 Perruqueria i estilisme masculí B","CIC-PCC-2N-0848","parents;students"
"CIC-PCC-2N-0849","0849 Anàlisi capil·lar","Cicles formatius:PCC:2n PCC:0849 Anàlisi capil·lar","PCC 2n","parents;students"
"CIC-PCC-2N-1710","1710 Itinerari per a l'ocupabilitat II","Cicles formatius:PCC:2n PCC:1710 Itinerari per a l'ocupabilitat II","PCC 2n","parents;students"
"CIC-PCC-2N-1713","1713 Projecte intermodular","Cicles formatius:PCC:2n PCC:1713 Projecte intermodular","PCC 2n","parents;students"
"CIC-PCC-2N-1713-1713A","1713 Projecte intermodular A","Cicles formatius:PCC:2n PCC:1713 Projecte intermodular:1713 Projecte intermodular A","CIC-PCC-2N-1713","parents;students"
"CIC-PCC-2N-1713-1713B","1713 Projecte intermodular B","Cicles formatius:PCC:2n PCC:1713 Projecte intermodular:1713 Projecte intermodular B","CIC-PCC-2N-1713","parents;students"
"PCC 2n-EE","Estada Empresa","Cicles formatius:PCC:2n PCC:Estada Empresa","PCC 2n","parents;students"
"CIC-PCC-2N-MO","Mòdul Optatiu","Cicles formatius:PCC:2n PCC:Mòdul Optatiu","PCC 2n","parents;students"
"CIC-PCC-2N-MOB","Mòdul Optaiu B","Cicles formatius:PCC:2n PCC:Mòdul Optatiu:Mòdul Optaiu B","CIC-PCC-2N-MO","parents;students"
"CIC-PCC-2N-MOA","Mòdul Optatiu A","Cicles formatius:PCC:2n PCC:Mòdul Optatiu:Mòdul Optatiu A","CIC-PCC-2N-MO","parents;students"
"CIC-SMX","SMX","Cicles formatius:SMX","CIC","parents;students"
"SMX 1r","1r SMX","Cicles formatius:SMX:1r SMX","CIC-SMX","parents;students"
"CIC-SMX-1R--1R-","1r SMX A","Cicles formatius:SMX:1r SMX:1r SMX A","SMX 1r","parents;students"
"CIC-SMX-1R--1R-0","1r SMX B","Cicles formatius:SMX:1r SMX:1r SMX B","SMX 1r","parents;students"
"SMX 2n","2n SMX","Cicles formatius:SMX:2n SMX","CIC-SMX","parents;students"
"CLA","Claustre","Claustre","ALL","parents;students"
"CLA-CAP","Caps Departament","Claustre:Caps Departament","CLA","parents;students"
"CLA-COO","Coordinadors","Claustre:Coordinadors","CLA","parents;students"
"CLA-DEP","Departaments","Claustre:Departaments","CLA","parents;students"
"CLA-DEP-ANG","Anglès","Claustre:Departaments:Anglès","CLA-DEP","parents;students"
"CLA-DEP-CAS","Castellà","Claustre:Departaments:Castellà","CLA-DEP","parents;students"
"CLA-DEP-CAT","Català","Claustre:Departaments:Català","CLA-DEP","parents;students"
"CLA-DEP-CIE0","Ciències","Claustre:Departaments:Ciències","CLA-DEP","parents;students"
"CLA-DEP-CIE","Ciències Socials","Claustre:Departaments:Ciències Socials","CLA-DEP","parents;students"
"CLA-DEP-COM","Comerç","Claustre:Departaments:Comerç","CLA-DEP","parents;students"
"CLA-DEP-EDU","Educacio Física","Claustre:Departaments:Educacio Física","CLA-DEP","parents;students"
"CLA-DEP-EXP","Expressió","Claustre:Departaments:Expressió","CLA-DEP","parents;students"
"CLA-DEP-IMA","Imatge Personal","Claustre:Departaments:Imatge Personal","CLA-DEP","parents;students"
"CLA-DEP-IMA-NOU","Nou grup","Claustre:Departaments:Imatge Personal:Nou grup","CLA-DEP-IMA","parents;students"
"CLA-DEP-IMA-NOU-NOU","Nou grup","Claustre:Departaments:Imatge Personal:Nou grup:Nou grup","CLA-DEP-IMA-NOU","parents;students"
"CLA-DEP-INF","Informàtica","Claustre:Departaments:Informàtica","CLA-DEP","parents;students"
"CLA-DEP-MAT","Matemàtiques","Claustre:Departaments:Matemàtiques","CLA-DEP","parents;students"
"CLA-DEP-PSI","Psicopedagogia","Claustre:Departaments:Psicopedagogia","CLA-DEP","parents;students"
"CLA-DEP-TEC","Tecnologia","Claustre:Departaments:Tecnologia","CLA-DEP","parents;students"
"CLA-ORI","Orientació","Claustre:Orientació","CLA","parents;students"
"CLA-PRO","Professors","Claustre:Professors","CLA","parents;students"
"CLA-TUT","Tutors","Claustre:Tutors","CLA","parents;students"
"COT","Cotutoria","Cotutoria","ALL","parents;students"
"DIM","Dimarts tarda","Dimarts tarda","ALL","parents"
"EQU","Equip directiu","Equip directiu","ALL","parents;students"
"ESO","ESO","ESO","ALL","parents;students"
"ESO-1R-","1r ESO","ESO:1r ESO","ESO","parents;students"
"ESO-1R-0","1r ESO COLÒNIES","ESO:1r ESO COLÒNIES","ESO","parents;students"
"1r ESO A","1A","ESO:1r ESO:1A","ESO-1R-","parents;students"
"1r ESO B","1B","ESO:1r ESO:1B","ESO-1R-","parents;students"
"1r ESO C","1C","ESO:1r ESO:1C","ESO-1R-","parents;students"
"1r ESO D","1D","ESO:1r ESO:1D","ESO-1R-","parents;students"
"1r ESO E","1E","ESO:1r ESO:1E","ESO-1R-","parents;students"
"1r ESO F","1F","ESO:1r ESO:1F","ESO-1R-","parents;students"
"1CUL","Cultura i Valors Ètics 1A","ESO:1r ESO:Cultura i Valors Ètics 1A","ESO-1R-","parents;students"
"","Nou grup","ESO:1r ESO:Nou grup","ESO-1R-","parents;students"
"","Nou grup","ESO:1r ESO:Nou grup:Nou grup","","parents;students"
"1REL","Religió 1r","ESO:1r ESO:Religió 1r","ESO-1R-","parents;students"
"ESO-2N-","2n ESO","ESO:2n ESO","ESO","parents;students"
"2n ESO A","2A","ESO:2n ESO:2A","ESO-2N-","parents;students"
"2n ESO B","2B","ESO:2n ESO:2B","ESO-2N-","parents;students"
"2n ESO C","2C","ESO:2n ESO:2C","ESO-2N-","parents;students"
"2n ESO D","2D","ESO:2n ESO:2D","ESO-2N-","parents;students"
"2n ESO E","2E","ESO:2n ESO:2E","ESO-2N-","parents;students"
"2n ESO F","2F","ESO:2n ESO:2F","ESO-2N-","parents;students"
"","Nou grup","ESO:2n ESO:2F:Nou grup","2n ESO F","parents;students"
"ESO-2N--CUL","Cultura i valors ètics 2n A","ESO:2n ESO:Cultura i valors ètics 2n A","ESO-2N-","parents;students"
"2n Digitalització 1","OPT2.1-Digitalització 1","ESO:2n ESO:OPT2.1-Digitalització 1","ESO-2N-","parents;students"
"2n Digitalització 2","OPT2.1-Digitalització 2","ESO:2n ESO:OPT2.1-Digitalització 2","ESO-2N-","parents;students"
"2n Digitalització 3","OPT2.1-Digitalització 3","ESO:2n ESO:OPT2.1-Digitalització 3","ESO-2N-","parents;students"
"2n Francès 1","OPT2.1-Francès 1","ESO:2n ESO:OPT2.1-Francès 1","ESO-2N-","parents;students"
"2n Francès 2","OPT2.1-Francès 2","ESO:2n ESO:OPT2.1-Francès 2","ESO-2N-","parents;students"
"2REL","Religió 2n","ESO:2n ESO:Religió 2n","ESO-2N-","parents;students"
"ESO-3R-","3r ESO","ESO:3r ESO","ESO","parents;students"
"3r ESO A","3A","ESO:3r ESO:3A","ESO-3R-","parents;students"
"3r ESO B","3B","ESO:3r ESO:3B","ESO-3R-","parents;students"
"3r ESO C","3C","ESO:3r ESO:3C","ESO-3R-","parents;students"
"3r ESO D","3D","ESO:3r ESO:3D","ESO-3R-","parents;students"
"3r ESO E","3E","ESO:3r ESO:3E","ESO-3R-","parents;students"
"3r ESO F","3F","ESO:3r ESO:3F","ESO-3R-","parents;students"
"ESO-3R--3RA","3rA - Castellano","ESO:3r ESO:3rA - Castellano","ESO-3R-","parents;students"
"ESO-3R--3RB","3rB - Castellano","ESO:3r ESO:3rB - Castellano","ESO-3R-","parents;students"
"ESO-3R--3RC","3rC - Castellano","ESO:3r ESO:3rC - Castellano","ESO-3R-","parents;students"
"ESO-3R--3RD","3rD - Castellano","ESO:3r ESO:3rD - Castellano","ESO-3R-","parents;students"
"ESO-3R--3RE","3rE - Castellano","ESO:3r ESO:3rE - Castellano","ESO-3R-","parents;students"
"3CUL","Cultura i Valors 3rA","ESO:3r ESO:Cultura i Valors 3rA","ESO-3R-","parents;students"
"3r Art i Creativitat","OPT3.1- Art i creativitat","ESO:3r ESO:OPT3.1- Art i creativitat","ESO-3R-","parents;students"
"3r Ciència en acció","OPT3.1- Ciència en acció","ESO:3r ESO:OPT3.1- Ciència en acció","ESO-3R-","parents;students"
"3r Ll. i cult. clàssica","OPT3.1- Cultura clàssica","ESO:3r ESO:OPT3.1- Cultura clàssica","ESO-3R-","parents;students"
"3r Emprenedoria 1","OPT3.1- Emprenedoria 1","ESO:3r ESO:OPT3.1- Emprenedoria 1","ESO-3R-","parents;students"
"3r Emprenedoria 2","OPT3.1- Emprenedoria 2","ESO:3r ESO:OPT3.1- Emprenedoria 2","ESO-3R-","parents;students"
"3r Francès","OPT3.1- Francès","ESO:3r ESO:OPT3.1- Francès","ESO-3R-","parents;students"
"3r Literatura i cine","OPT3.1- Literatura i cine","ESO:3r ESO:OPT3.1- Literatura i cine","ESO-3R-","parents;students"
"3r Robòtica","OPT3.1- Robòtica","ESO:3r ESO:OPT3.1- Robòtica","ESO-3R-","parents;students"
"3REL","Religió 3r","ESO:3r ESO:Religió 3r","ESO-3R-","parents;students"
"ESO-4T-","4t ESO","ESO:4t ESO","ESO","parents;students"
"4t ESO A","4A","ESO:4t ESO:4A","ESO-4T-","parents;students"
"4t ESO B","4B","ESO:4t ESO:4B","ESO-4T-","parents;students"
"4t ESO C","4C","ESO:4t ESO:4C","ESO-4T-","parents;students"
"4t ESO D","4D","ESO:4t ESO:4D","ESO-4T-","parents;students"
"4t ESO E","4E","ESO:4t ESO:4E","ESO-4T-","parents;students"
"4t ESO F","4F","ESO:4t ESO:4F","ESO-4T-","parents;students"
"ESO-4T--DES","DESC-OBRE","ESO:4t ESO:DESC-OBRE","ESO-4T-","parents;students"
"","Nou grup","ESO:4t ESO:Nou grup","ESO-4T-","parents;students"
"4t Econ1","OPT4.1 Economia1","ESO:4t ESO:OPT4.1 Economia1","ESO-4T-","parents;students"
"4t Econ2","OPT4.1 Economia2","ESO:4t ESO:OPT4.1 Economia2","ESO-4T-","parents;students"
"4t Econ3","OPT4.1 Economia3","ESO:4t ESO:OPT4.1 Economia3","ESO-4T-","parents;students"
"4t FiQ1","OPT4.1 Fisica i Química1","ESO:4t ESO:OPT4.1 Fisica i Química1","ESO-4T-","parents;students"
"4t FiQ2","OPT4.1 Física i Química2","ESO:4t ESO:OPT4.1 Física i Química2","ESO-4T-","parents;students"
"ESO-4T--OPT0","OPT4.1 Física i Química3","ESO:4t ESO:OPT4.1 Física i Química3","ESO-4T-","parents;students"
"4t Llatí","OPT4.1 Llatí","ESO:4t ESO:OPT4.1 Llatí","ESO-4T-","parents;students"
"4t BiG1","OPT4.2 Biologia i Geologia 1","ESO:4t ESO:OPT4.2 Biologia i Geologia 1","ESO-4T-","parents;students"
"4t BiG2","OPT4.2 Biologia i Geologia 2","ESO:4t ESO:OPT4.2 Biologia i Geologia 2","ESO-4T-","parents;students"
"4t Filos","OPT4.2 Filosofia","ESO:4t ESO:OPT4.2 Filosofia","ESO-4T-","parents;students"
"4t Revista","OPT4.2 Revista","ESO:4t ESO:OPT4.2 Revista","ESO-4T-","parents;students"
"4t Tecno1","OPT4.2 Tecnologia1","ESO:4t ESO:OPT4.2 Tecnologia1","ESO-4T-","parents;students"
"4t Tecno2","OPT4.2 Tecnologia2","ESO:4t ESO:OPT4.2 Tecnologia2","ESO-4T-","parents;students"
"4t Tecno3","OPT4.2 Tecnologia3","ESO:4t ESO:OPT4.2 Tecnologia3","ESO-4T-","parents;students"
"4t Inform1","OPT4.3 Digitalització1","ESO:4t ESO:OPT4.3 Digitalització1","ESO-4T-","parents;students"
"4t Inform2","OPT4.3 Digitalització2","ESO:4t ESO:OPT4.3 Digitalització2","ESO-4T-","parents;students"
"ESO-4T--OPT","OPT4.3 Digitalització3","ESO:4t ESO:OPT4.3 Digitalització3","ESO-4T-","parents;students"
"4t Francès","OPT4.3 Francès","ESO:4t ESO:OPT4.3 Francès","ESO-4T-","parents;students"
"4t Música","OPT4.3 Música","ESO:4t ESO:OPT4.3 Música","ESO-4T-","parents;students"
"4t ViP1","OPT4.3 Visual i plàstica1","ESO:4t ESO:OPT4.3 Visual i plàstica1","ESO-4T-","parents;students"
"4t ViP2","OPT4.3 Visual i plàstica2","ESO:4t ESO:OPT4.3 Visual i plàstica2","ESO-4T-","parents;students"
"4REL","Religió 4t","ESO:4t ESO:Religió 4t","ESO-4T-","parents;students"
"ESO-4T--VIA","Viatge 4t ESO","ESO:4t ESO:Viatge 4t ESO","ESO-4T-","parents"
"ACO","Aula d'acollida","ESO:Aula d'acollida","ESO","parents;students"
"ESO-COD","COD. FLEX","ESO:COD. FLEX","ESO","parents;students"
"ESO-COL","COLÒNIES 2n ESO","ESO:COLÒNIES 2n ESO","ESO","parents;students"
"ESO-COL0","Colònies 3r","ESO:Colònies 3r","ESO","parents;students"
"Cont","Continuitat postobligatoria","ESO:Continuitat postobligatoria","ESO","parents;students"
"ESO-NA","NA","ESO:NA","ESO","parents;students"
"ESO-SIE","SIEI","ESO:SIEI","ESO","parents;students"
"FOR","Formació famílies","Formació famílies","ALL","parents"
"LACM","LACM","LACM","ALL","parents;students"
"LACM1","LACM1","LACM:LACM1","LACM","parents;students"
"LACM2","LACM2","LACM:LACM2","LACM","parents;students"
"MOTX","Motxilles 25-26","Motxilles 25-26","ALL","parents;students"
"MOTX1","Motxilles 1ESO","Motxilles 25-26:Motxilles 1ESO","MOTX","parents;students"
"","Nou grup","Motxilles 25-26:Motxilles 1ESO:Nou grup","MOTX1","parents;students"
"MOTX2","Motxilles 2ESO","Motxilles 25-26:Motxilles 2ESO","MOTX","parents;students"
"MOTX3","Motxilles 3ESO","Motxilles 25-26:Motxilles 3ESO","MOTX","parents;students"
"MOTX4","Motxilles 4ESO","Motxilles 25-26:Motxilles 4ESO","MOTX","parents;students"
"PAS","PAS","PAS","ALL","parents;students"
"PAS-ADM","Administració","PAS:Administració","PAS","parents;students"
"PAS-CON","Consergeria","PAS:Consergeria","PAS","parents;students"
"PFI","PFI","PFI","ALL","parents;students"
"PFI-GRU","GRUP 1 PFI ","PFI:GRUP 1 PFI ","PFI","parents;students"
"PFI-GRU0","GRUP 2 PFI","PFI:GRUP 2 PFI","PFI","parents;students"
"ALL","Tot el centre","Tot el centre","","parents;students"
"VIA","Viatge 4t ESO","Viatge 4t ESO","ALL","parents"